{
  "hash": "67671342",
  "configHash": "24009b22",
  "lockfileHash": "5a109f10",
  "browserHash": "f4a4e7b0",
  "optimized": {
    "@angular/common": {
      "src": "../../../../../node_modules/@angular/common/fesm2022/common.mjs",
      "file": "@angular_common.js",
      "fileHash": "3c11c105",
      "needsInterop": false
    },
    "@angular/core": {
      "src": "../../../../../node_modules/@angular/core/fesm2022/core.mjs",
      "file": "@angular_core.js",
      "fileHash": "204d3d9b",
      "needsInterop": false
    },
    "@angular/platform-browser": {
      "src": "../../../../../node_modules/@angular/platform-browser/fesm2022/platform-browser.mjs",
      "file": "@angular_platform-browser.js",
      "fileHash": "a4c9aec3",
      "needsInterop": false
    },
    "@angular/router": {
      "src": "../../../../../node_modules/@angular/router/fesm2022/router.mjs",
      "file": "@angular_router.js",
      "fileHash": "dc5497ab",
      "needsInterop": false
    },
    "@ng-bootstrap/ng-bootstrap": {
      "src": "../../../../../node_modules/@ng-bootstrap/ng-bootstrap/fesm2022/ng-bootstrap.mjs",
      "file": "@ng-bootstrap_ng-bootstrap.js",
      "fileHash": "7310b8d8",
      "needsInterop": false
    }
  },
  "chunks": {
    "chunk-PELHGGZN": {
      "file": "chunk-PELHGGZN.js"
    },
    "chunk-ARR622ZK": {
      "file": "chunk-ARR622ZK.js"
    },
    "chunk-G747LAAO": {
      "file": "chunk-G747LAAO.js"
    }
  }
}